STATION,CALL_SIGN,count
69015093121,KNXP ,8717
70000126492,PATO ,13834
70019726558,PASK ,11621
70026027502,PABR ,16328
70030027503,PAWI ,10383
70063226645,PABL ,12498
70063427408,PAKU ,5848
70063526465,PAGB ,357
70063727406,PASC ,13825
70086027401,PABA ,17373
70104026631,PALU ,7501
70104326623,PAPO ,14006
70104526649,PADG ,3124
70117026634,PATC ,7830
70119526625,PASH ,12030
70119600102,PAIK ,12258
70121026624,PPIZ ,15166
70133026616,PAOT ,12195
70133326643,PADE ,1655
70133526648,PAWN ,11962
70133700103,PAIW ,15474
70148626642,PAVL ,12613
70162526542,PAKP ,12287
70171826551,PAFM ,10824
70171900490,PAGH ,7053
70173026535,PAIM ,4490
70174026533,PABT ,10791
70178026529,PATA ,11511
70194026413,PFYU ,11542
70194546405,PARC ,8922
70197526422,PAEG ,11139
70199526628,PAGL ,7498
70200026617,PAOM ,13419
70200526647,PASM ,14868
70200626502,PAKV ,12267
70203526704,PASA ,15095
70204026703,PAGM ,6714
70207026627,PAUN ,12386
70207526644,PANV ,10317
70208426650,PAEM ,668
70212026646,PACZ ,10774
70218526622,PAMY ,135
70218626651,PAHP ,11056
70219026615,PABE ,14530
70222026501,PAGA ,12394
70222326602,PAKK ,12399
70231026510,PAMC ,9632
70231526536,PATL ,5422
70232026516,PANI ,13016
70232526443,PAWS ,11107
70235026534,PASV ,5492
70246026512,PAMH ,8932
70249026526,PAPT ,1938
70251026528,PATK ,11566
70259026523,PAEN ,11788
70259526559,PASX ,10578
70260026435,PANN ,12079
70260696401,PAEC ,1751
70260725378,PAOH ,12313
70261026411,PAFA ,10506
70261526498,PAFB ,13712
70262500104,PAFS ,10230
70262726561,PARY ,7136
70262800105,PADM ,8182
70264546403,PAIN ,10050
70265026407,PAEI ,13660
70267026415,PABI ,11592
70268527518,PATQ ,11784
70268600106,PAKI ,14322
70269700107,PANW ,11887
70270000489,PAFR ,15679
70271026425,PAGK ,11104
70271546407,PAZK ,13315
70272026401,PAED ,10961
70272526491,PALH ,11675
70273026451,PANC ,11124
70273526409,PAMR ,10710
70274025331,PAAQ ,11216
70274626497,PABV ,11454
70275626479,PAVD ,10952
70275827517,PALP ,5582
70277026438,PAWD ,12232
70291026412,PAOR ,10598
70296026410,PACV ,13824
70305025623,PAEH ,6665
70305126521,PAHC ,9316
70305226652,PALG ,10298
70305326654,PARS ,12658
70305400108,PACM ,11786
70305500109,PAMB ,13176
70305626635,PAMO ,4357
70305726653,PAOO ,11642
70305800110,PAOU ,15184
70306125521,PAIG ,12346
70308025713,PASN ,11216
70316025624,PACD ,16625
70316525617,PASD ,15506
70321025513,PADL ,11955
70326025503,PAKN ,13127
70333025508,PAPH ,14851
70333325518,PAJC ,9461
70333425519,PAII ,13236
70340025506,PAIL ,12207
70340626546,PALJ ,1696
70340726553,PASL ,8518
70341025507,PAHO ,11149
70343025402,PAMD ,20698
70350025501,PADQ ,13647
70360525604,PAPM ,13455
70360625629,PATG ,10840
70361025339,PAYA ,17187
70362025335,PAGY ,11698
70362125516,PASO ,12659
70362625323,PAHN ,13297
70364427515,PAQT ,4109
70365526552,PAHL ,10368
70367025322,PAGS ,13778
70371025333,PASI ,14029
70381025309,PAJN ,12259
70381725357,PAEL ,1853
70383025310,PAGN ,13055
70383525628,PAPB ,17409
70385525369,PAFE ,11446
70386025329,PAPG ,14513
70387025338,PAWG ,10203
70388425376,PAHY ,8712
70388800111,PFSH ,13263
70389425367,PAKW ,15251
70392500112,PAJZ ,13537
70395025325,PAKT ,12936
70398525377,PAMM ,3358
70414045715,PASY ,17021
70454025704,PADK ,13454
70489025616,PADU ,13657
70489800113,PFNO ,11928
72011053983,KAQO ,25675
72011354829,KVLL ,25741
72012063837,KHXD ,14744
72013704867,KC09 ,25850
72015103049,KE38 ,25991
72016900116,KFYG ,24933
72017063851,KM30 ,12043
72017253996,KMEZ ,25726
72017553919,KLLQ ,12227
72019854813,KP53 ,9127
72020200118,KTMK ,25656
72025400119,KCLS ,24385
72025763835,KBIJ ,25675
72025804997,KHZX ,20055
72026153976,KXBP ,25593
72026563833,KALX ,25844
72026654809,KASW ,25722
72026723224,KAUN ,25703
72026853882,KBGE ,23239
72026912982,KBKS ,24986
72027103044,KBPG ,25966
72027294282,KBVS ,25811
72027312981,KBYY ,22421
72027493799,KCPC ,22910
72027504872,KDUH ,25180
72027612983,KEBG ,23908
72027763843,KEHO ,25288
72027803704,KEMV ,25591
72027903705,KEYF ,24698
72028203736,KFFA ,25445
72028304927,KFKA ,23339
72028404877,KFPK ,25326
72028503734,KFYJ ,23663
72028653977,KGDJ ,25917
72028753967,KGYI ,16812
72028803711,KHNZ ,24148
72028963836,KHQU ,25878
72029153970,KHQZ ,16114
72029304989,KIIB ,24893
72029453898,KIIY ,23627
72029553972,KINJ ,22371
72029653945,KJAS ,25594
72029703730,KJGG ,25360
72029853971,KJSO ,23617
72029953966,KJWY ,24585
72030163846,KJYL ,25895
72030353973,KLHB ,25664
72030464752,KLOM ,23310
72030553964,KLUD ,25619
72030653879,KLXT ,11291
72030763804,KMDQ ,25765
72030804992,KMLE ,25793
72030904947,KMPZ ,25319
72031153962,KOSA ,19268
72031204964,KPEA ,24546
72031303052,KPPA ,25406
72031493983,KPSN ,25606
72031503045,KPYX ,25577
72031612984,KRBO ,25152
72031703735,KRMN ,24942
72031853965,KRPH ,7298
72031963841,KRSV ,25869
72032053981,KCPT ,25622
72032104893,KSLH ,25388
72032204129,KSZT ,25713
72032393947,KT82 ,25691
72032464753,KUKT ,25782
72032604981,KVTI ,23277
72032704995,KLUM ,25538
72032863832,KW22 ,25788
72033063853,KAJG ,25854
72033353175,KAJO ,10389
72033493764,KGAI ,10327
72033900121,KRYN ,4439
72034054818,KFKS ,25718
72034253947,KJWG ,25563
72034354852,KPCZ ,24982
72034454920,KCKP ,24648
72034594086,KPNA ,25809
72034653991,KACP ,25476
72034763877,K3J7 ,25705
72034863886,KMLJ ,12772
72035154919,KOOA ,24830
72035363875,K1A6 ,25884
72035463901,KAXS ,25820
72035503732,KCBE ,25448
72035613999,KCLK ,24013
72035753993,KCUH ,25765
72035853999,KRQO ,25078
72035923902,KSRE ,24517
72036163870,K0J4 ,8183
72036263874,KPRN ,11575
72036363872,KEUF ,12996
72036754927,KPEX ,25357
72036854924,KDVP ,25748
72036904135,KDIJ ,10843
72037154850,KHAI ,25545
72037392824,KPCM ,25580
72037492825,KTPF ,25272
72037554844,KDRM ,25721
72037663880,K8A0 ,25555
72037713917,KM19 ,11371
72037800122,KUCP ,11881
72037963882,KEKQ ,12560
72038163885,KJKA ,21858
72038200123,PAMK ,11663
72038353847,KNDZ ,11230
72038400124,KW29 ,6067
72038500419,K0CO ,25882
72038600125,KBDH ,25708
72038800469,KPLU ,25887
72039100127,KBEA ,25555
72039200128,KHOE ,25273
72039300129,KHRX ,25863
72039400428,KADF ,11495
72039500130,KPEZ ,25649
72039700131,KUNI ,25869
72040100133,KCCA ,25552
72040400134,KCWC ,25774
72040500436,KBTA ,25660
72040600135,KDVO ,25735
72040700462,KMJX ,5161
72040800136,KMQS ,25857
72041100137,KAXX ,25579
72041254943,KPRO ,23327
72041300138,K1M4 ,11801
72041400139,K4I3 ,25809
72041500140,KFFX ,24916
72042103043,KADT ,24468
72042203037,KCBK ,23996
72042600141,KIDP ,25854
72043600142,KPTS ,25472
72043700143,KSYF ,25617
72044700437,KCEY ,25110
72044800144,KDVK ,25057
72045600146,KIOB ,25355
72045800476,KSJS ,25283
72046700148,KBXA ,25316
72046800466,KOPL ,25642
72047600455,KHAE ,24942
72047900149,KHFJ ,24643
72049100150,KGWR ,25463
72049200151,KCDA ,23697
72049354758,KEFK ,25669
72049400152,KFSO ,24504
72049800153,KFCI ,8573
72049900154,KPVG ,10094
72050100155,KXSA ,24936
72050500156,KJFX ,24290
72051724165,KEMM ,21179
72051800449,KFBR ,23462
72052100475,KSAA ,25394
72052200443,KDUB ,23744
72052803064,KAEJ ,25787
72052900429,KAIB ,2251
72053100158,KAJZ ,25716
72053200159,KANK ,25617
72053300160,KBDU ,25811
72053400161,KEIK ,25575
72053500162,KFMM ,25656
72053700163,KHEQ ,25790
72053800164,KLMO ,25845
72053900165,KPSO ,25731
72054153806,KUOX ,24311
72054200166,KRYW ,25084
72054300167,KGWB ,25860
72054400168,KSTK ,25757
72054500169,KSNC ,25431
72054900171,KCXP ,25077
72055803977,KELK ,25288
72055900172,KHHW ,20920
72056100467,KOWP ,25488
72056724180,KBMC ,25500
72057500173,KTYQ ,25819
72057600174,KEDU ,17150
72057700175,KRFI ,25243
72057800176,KBKD ,23517
72058100178,KLDJ ,24407
72058400181,KAPY ,24432
72058600183,KPVB ,24622
72058700184,KIYA ,25771
72058900185,KEZS ,25565
72059200186,KCQF ,25810
72059300187,KOXI ,24350
72059400188,KMCJ ,25301
72059600189,KEOE ,10952
72059700190,KLUX ,24951
72059800191,KMKS ,25475
72059900192,KDCM ,17346
72060100193,KAIK ,24378
72060200194,KBNL ,25644
72060300195,KCDN ,25313
72060400196,KCKI ,25069
72060500197,KCQW ,25649
72060600198,KJZI ,25668
72060700199,KLKR ,25586
72060800200,KMAO ,24685
72060900201,KRBW ,24858
72061100202,KSMS ,25400
72061200203,KARW ,25333
72061300204,KHYW ,25402
72061400205,KLHM ,25565
72061500206,KO22 ,25175
72061600207,KBBG ,15409
72061700208,KTME ,25596
72062400211,KMDS ,25032
72062500212,KBKN ,23528
72062600213,KBPC ,25723
72062700214,KGZL ,23677
72062800215,KRCE ,23847
72062900216,KIKW ,25764
72063100217,KBBP ,25486
72063200218,KDYB ,19171
72063300219,KHVS ,25557
72063400220,KFDW ,25482
72063500221,KCMR ,24572
72063600222,KGLY ,25422
72063700223,KAXH ,25337
72063800224,KBDN ,24811
72063900225,KDZB ,25845
72064354940,KFXY ,25540
72064400226,KBXK ,22166
72064500227,KPVF ,25092
72064600228,KHAF ,20697
72064700229,KLZZ ,22758
72064800230,KEDC ,23493
72064900231,KIXA ,24621
72065100232,KMRT ,25337
72065200433,KBAN ,9844
72065500235,KCGC ,24970
72065900239,KOZA ,22792
72066500243,KGBK ,4687
72066800246,KEMK ,24502
72066900247,KGUL ,7863
72067100248,KJES ,24603
72067200485,KFIN ,11428
72067400249,KCTJ ,23891
72069903724,KDMW ,24845
72070154942,KI75 ,25671
72070853849,KNJW ,3893
72071200250,KTMA ,25538
72071300251,KVES ,25883
72071400252,KPUJ ,25880
72071700442,KDLP ,8150
72071800253,KMDJ ,10803
72072200256,KSCF ,16666
72072900435,KBQX ,25772
72073400264,KMAN ,24600
72073573805,KECP ,13246
72073600265,KRCR ,25888
72073700266,K46D ,25588
72073800267,KTVI ,25770
72073900268,KMNE ,23624
72074100269,KBVU ,25201
72074200270,KFTN ,13270
72074400271,KLQK ,25636
72074500272,KVAF ,25386
72074924255,KNUW ,10125
72076800274,K0VG ,22947
72076900275,KSTF ,19417
72077100276,KCOM ,24453
72077900461,KLXY ,25943
72078700278,KJVW ,25077
72083900279,KRTS ,25537
72085200280,KFLY ,25204
72085300281,K06D ,25399
72085400282,K20U ,25601
72085500283,K2C8 ,25160
72085600284,K4A6 ,25447
72085800285,K9D7 ,17929
72085900286,KBCK ,25490
72086100287,KD50 ,25474
72086300289,KD60 ,25606
72086400290,KETC ,24855
72086500291,KGAF ,19949
72086600292,KHZE ,25028
72086700293,KRUG ,25002
72086800294,KS25 ,25422
72086900295,KVER ,24209
72087100296,KY19 ,25057
72088700297,KD25 ,25236
72090200298,KD95 ,25783
72090300441,KDCY ,25845
72090400299,KDED ,25897
72090900300,K08D ,25002
72091100301,KBAC ,24078
72091200302,KVOA ,25450
72091300303,KGHB ,24839
72091400304,KEIR ,4385
72091600453,KGRY ,24730
72091800307,KMIS ,23002
72092300310,K65S ,25614
72092400311,KCRX ,25385
72092500312,KATP ,16857
72092600313,KBMT ,25760
72092700314,KCKM ,25594
72092800315,KDLZ ,25298
72092900316,KUBE ,25623
72093200317,K1R7 ,21589
72093300318,K7L2 ,25327
72094200323,KAHQ ,25640
72094300431,KASL ,25626
72094400324,KEDJ ,23404
72094600326,KFHB ,25935
72094800328,KACJ ,24934
72095100330,KSBO ,25846
72095300331,KVKY ,23268
72095400456,KHHV ,19326
72095600332,KVQT ,28
72096100336,KGGP ,25826
72096200337,KEZM ,25979
72096400338,KTDR ,17150
72096513910,KDYS ,11106
72096600339,K6A2 ,25714
72096700457,KHZR ,25867
72097100342,KFWZ ,14481
72097400344,KBGF ,25721
72102900347,KPPO ,23442
72103100348,KTHA ,25225
72103300350,KFZG ,25599
72103400351,KT35 ,25127
72103500352,KAZE ,20736
72103600353,KTBX ,14608
72104200486,KZPH ,25955
72104400448,KF46 ,26005
72104500354,KGPH ,20226
72104600460,KREG ,24705
72104800471,KPRS ,25974
72200354930,KSYN ,24599
72200454922,KBWP ,21846
72200654926,KLYV ,24115
72200754828,KCFS ,25643
72200812995,KRAS ,25589
72201012836,KEYW ,11382
72201192813,KISM ,11222
72201412818,KBKV ,13936
72201512850,KNQX ,10895
72201612896,KMTH ,10918
72202012839,KMIA ,10704
72202192816,KVDF ,24692
72202212803,KBCT ,5137
72202412882,KOPF ,11311
72202612826,KHST ,13267
72202912888,KTMB ,11662
72203012844,KPBI ,10177
72203254916,KACQ ,22723
72203304999,KGDB ,25695
72203412812,KPGD ,12010
72203792809,KHWO ,11281
72203812897,KAPF ,11154
72203912885,KFXE ,10769
72204012838,KMLB ,11435
72204112993,KGAO ,17369
72204253978,KJDD ,23934
72204453930,KADH ,25676
72204612898,KTIX ,5374
72204992805,KPMP ,11246
72205012815,KMCO ,10702
72205153932,KAQR ,10033
72205253933,KAVK ,25748
72205312841,KORL ,11850
72205453959,KAWM ,12127
72205512861,KOCF ,11709
72205712854,KSFB ,11399
72205904866,KBUU ,25312
72206013889,KJAX ,10968
72206103038,KCCU ,25289
72206263842,KDQH ,25868
72206593837,KNIP ,10672
72206603853,KNRB ,11433
72206763823,KVQQ ,14080
72206953853,KDTS ,12232
72207003822,KSAV ,11312
72207153935,KCHK ,25762
72207303727,KCTZ ,25120
72207463840,KCUL ,24563
72207504871,KDKB ,25601
72207694891,KDNV ,24506
72207853938,KDUC ,25486
72207953888,KEXX ,25240
72208013880,KCHS ,11014
72208113730,KFDK ,15591
72208204876,KFEP ,25847
72208593831,KNBC ,11607
72208994959,KGBG ,25842
72209003875,KLHW ,12173
72209153940,KGCM ,25823
72209253941,KGMJ ,25440
72209304878,KGOV ,16595
72209453984,KGPM ,15696
72209503030,KGUY ,10404
72209653127,KHND ,9088
72209704936,KHNR ,25559
72209864761,KHTO ,25837
72209953936,KCQB ,25384
72210103039,KCPW ,25770
72210312895,KFPR ,12118
72210492806,KSPG ,11618
72210612835,KFMY ,11239
72210703056,KGNC ,25850
72210812894,KRSW ,11424
72210900355,KCNI ,25907
72211012842,KTPA ,10850
72211253982,KJXI ,25025
72211353979,KGYB ,25156
72211454901,KCFE ,25130
72211512871,KSRQ ,11470
72211612873,KPIE ,11406
72211800482,KVNC ,25726
72211912883,KLAL ,13461
72212012833,KCTY ,8551
72212203050,KSNK ,30930
72212312809,KBOW ,18333
72212404998,KHJH ,25953
72212504829,KHYX ,25726
72212604879,KIGQ ,25749
72212704880,KIKK ,25221
72212853899,KIPJ ,24845
72212904939,KJKJ ,25730
72213013861,KAYS ,25915
72213103713,KJNX ,25085
72213263801,KJQF ,14326
72213353946,KJSV ,25806
72213463822,KVDI ,25403
72213653883,KBQK ,25955
72213713878,KSSI ,11866
72213863852,KHSA ,5205
72214093805,KTLH ,11878
72214103731,KLHZ ,25559
72214204114,KLLJ ,9930
72214353975,KLNC ,25740
72214404945,KMGG ,17412
72214504884,KMGN ,25694
72214753817,KMGR ,25575
72214863824,KVUJ ,25521
72214904899,KVYS ,25846
72215114794,KWST ,12240
72215253957,KWWR ,25742
72215453885,KDNN ,25895
72215503040,KMNH ,25990
72215653873,KVPC ,21931
72215704949,KMQB ,25407
72216013869,KABY ,11975
72216453949,KOKM ,25671
72216563808,KOLV ,14175
72216693845,KVLD ,12844
72216703718,KOMH ,25535
72216804960,KOVL ,25487
72216903058,KPEQ ,25223
72217003813,KMCN ,12490
72217104889,KPNT ,23821
72217263810,KPRG ,25338
72217353951,KPVJ ,24879
72217423097,KPVW ,25771
72217513860,KWRB ,13093
72217653884,KCCO ,25177
72217763811,KRHP ,22767
72217853953,KRKR ,25763
72217904968,KRNH ,25369
72218003820,KAGS ,13162
72218113837,KDNL ,12663
72218204890,KRPJ ,25770
72218304972,KRZN ,24440
72218553838,KGVL ,13625
72218604892,KSJX ,24357
72218793911,KSNL ,25789
72218853985,KSRC ,11797
72218992815,KSUA ,15099
72219013874,KATL ,10973
72219103721,KSUT ,25508
72219223033,KSWW ,25613
72219303722,KTDF ,24312
72219404896,KTIP ,25876
72219503888,KFTY ,11905
72219653863,KPDK ,12236
72219753819,KFFC ,12715
72219863819,KTNB ,25867
72219953956,KTQH ,25509
72220012832,KAAF ,12713
72220103723,KTTA ,25244
72220212985,KUVA ,25865
72220303041,KMYP ,19926
72220404996,KSFY ,22951
72220804224,KORS ,25441
72220912986,KPKV ,24524
72221013858,KVPS ,16352
72221194087,KTIF ,22576
72221292814,KSGJ ,11320
72221312819,KLEE ,12038
72221403070,KDUX ,25729
72221513884,KCEW ,14112
72221763881,KDBN ,25791
72221800356,KCGE ,24778
72222100444,KDWX ,24256
72222313899,KPNS ,12965
72222503855,KNPA ,9103
72222693841,KNSE ,12721
72223013894,KMOB ,12672
72223100357,KMNZ ,25780
72223513838,KBFM ,12526
72223863873,KHEY ,22087
72223953861,KLOR ,19928
72224154925,KLCG ,25828
72224303738,KRCZ ,25556
72224400358,KCGS ,24330
72224754785,KSMQ ,12769
72224800359,KUXL ,25267
72224963887,KMWO ,25905
72225013829,KLSF ,20187
72225153958,KRSN ,22255
72225254923,KCNB ,25704
72225353992,KBQP ,14832
72225593842,KCSG ,12148
72225664774,KGHG ,25861
72226013895,KMGM ,12187
72226100360,KOBE ,25700
72226513821,KMXF ,13085
72226703878,KTOI ,14155
72226813839,KDHN ,12675
72226903850,KOZR ,17204
72227013864,KMGE ,11728
72227454939,KTVK ,25482
72227553843,K79J ,13602
72227653820,KGZH ,14488
72227953852,KDCU ,12467
72228013876,KBHM ,11663
72228403892,KAUO ,11717
72228503896,KGAD ,11772
72228693806,KTCL ,12878
72228713871,KANB ,12427
72229100470,KPMV ,25347
72230053864,KEET ,13300
72231012916,KMSY ,12094
72231203908,KHDC ,20704
72231453915,KARA ,13534
72231553917,KNEW ,12597
72231612958,KNBG ,10801
72231953943,KIER ,25691
72232013970,KBTR ,12348
72232200361,KGLW ,25055
72232300362,KGOP ,25704
72232403071,KMDD ,25872
72232912936,KPTN ,11986
72233053865,KASD ,13768
72233154941,KIFA ,23808
72233254953,KTKV ,25111
72233303069,K04V ,24217
72233403976,KDRI ,20275
72233812994,KHBV ,25805
72234013865,KMEI ,12713
72234192822,KOMN ,4964
72234254931,KTKC ,24185
72234354826,KLWA ,25656
72234503866,KNMM ,11813
72234654824,KRNP ,25781
72234853808,KPIB ,13734
72235003940,KJAN ,12618
72235112953,KARM ,24620
72235413927,KHKS ,12423
72235593999,KVKS ,24468
72235703961,KHEZ ,11876
72235893919,KMCB ,13503
72236192808,KEVB ,5862
72236293937,KSLR ,25358
72236323098,KECU ,25732
72236423903,KUTA ,22242
72236700363,KRCM ,24737
72236800364,KOJA ,25695
72236900365,KTFP ,25186
72239003931,KPOE ,12908
72240003937,KLCH ,14036
72240312968,KP92 ,8255
72240413941,KCWF ,14522
72240513976,KLFT ,13016
72240612927,KHUM ,10762
72241012917,KBPT ,13776
72241612971,KBAZ ,14072
72242012923,KGLS ,13093
72242712975,KLVJ ,12936
72242953910,KDWH ,13290
72243012960,KIAH ,10777
72243612906,KEFD ,8207
72244012918,KHOU ,11253
72244453902,KCXO ,13611
72244693987,KLFK ,13001
72244753903,KUTS ,12802
72244813972,KTYR ,11878
72246953912,KCRS ,12203
72247003901,KGGG ,11532
72247953907,KGKY ,11404
72248013957,KSHV ,11812
72248453905,KDTN ,12062
72248513944,KBAD ,13296
72248613942,KMLU ,12576
72248713935,KESF ,14761
72248803996,KTVR ,12210
72248953911,KTRL ,11880
72249953948,KOCH ,12211
72250012919,KBRO ,12713
72250512904,KHRL ,12919
72250612959,KMFE ,12468
72250812957,KPIL ,12766
72251012924,KCRP ,11932
72251512926,KNGP ,12457
72251612928,KNQI ,12279
72251712932,KALI ,13779
72251812974,KNOG ,10854
72252012907,KLRD ,10543
72252312970,KSSF ,12436
72252412972,KRKP ,14407
72252612947,KCOT ,11390
72252712976,KLBX ,13608
72253012921,KSAT ,11466
72253312962,KHDO ,12704
72253512909,KSKF ,15968
72253612911,KRND ,17944
72253712961,KERV ,25889
72253912979,KHYI ,12477
72254013904,KAUS ,11370
72254153914,KTKI ,11311
72254203999,KBMQ ,12821
72254312977,KSGR ,13032
72254413958,KATT ,12444
72254753942,KGTU ,11638
72255012912,KVCT ,13621
72255293929,KGLE ,24309
72255512935,KPSX ,13360
72256013959,KACT ,11645
72256353952,KPWG ,10926
72257003933,KHLR ,14112
72257503972,KILE ,10606
72257603902,KGRK ,13869
72257793984,KTPL ,11761
72258013960,KDAL ,10802
72258793955,KPRX ,11216
72258813926,KGVT ,24546
72258903991,KDTO ,11355
72259003927,KDFW ,10760
72259303985,KFWS ,16717
72259453909,KAFW ,10730
72259513911,KNFW ,10311
72259793985,KMWL ,11628
72259803970,KADS ,14042
72259903971,KRBD ,11424
72260003969,KSEP ,25976
72261022010,KDRT ,10957
72261522001,KDLF ,11734
72261603032,K6R6 ,8956
72261823091,KFST ,10153
72262023055,KGDP ,9612
72263023034,KSJT ,11048
72263793046,KHHF ,25402
72264093035,KMRF ,9074
72264803031,KODO ,10455
72265023023,KMAF ,10253
72265623040,KINK ,10066
72266013962,KABI ,10942
72266693943,KBWD ,18748
72267023042,KLBB ,10413
72267603035,KATS ,25706
72267703027,KCQC ,10407
72267823052,KRTN ,10428
72268023009,KROW ,10283
72268393083,KSRR ,25643
72268623008,KCVS ,11096
72268793033,KCNM ,10120
72268893034,KHOB ,16533
72268923077,KCVN ,10173
72269100366,KCWV ,25867
72269200367,KHWY ,25460
72269393097,KALM ,25320
72269593041,KLRU ,24270
72270023044,KELP ,9468
72271093045,KTCS ,9461
72272093026,KDUG ,365
72272193063,KSVC ,25500
72272523078,KDMN ,9611
72272803196,KOLS ,10124
72273003124,KFHU ,13166
72274023160,KTUS ,9733
72274523109,KDMA ,9678
72274793084,KSAD ,9568
72274803914,KCGZ ,8590
72274953128,KCHD ,5419
72276403029,KRQE ,10414
72278023183,KPHX ,9402
72278303185,KFFZ ,9514
72278403184,KDVT ,9546
72278523111,KLUF ,10375
72278623104,KIWA ,11856
72278753126,KGEU ,4842
72278803186,KGYR ,5535
72278903192,KSDL ,9516
72281023199,KNJK ,9205
72281353146,KALK ,9883
72281703068,KABH ,11190
72282003949,KAQV ,13885
72282153988,KBKB ,12987
72282303749,KRSP ,10775
72285700368,K96D ,25276
72286023119,KRIV ,10431
72286893138,KPSP ,9437
72286903171,KRAL ,10138
72287493134,KCQT ,11539
72288023152,KBUR ,10460
72288593197,KSMO ,11211
72288623130,KVNY ,10455
72288703180,KPOC ,4437
72289523243,KLPC ,11521
72289793206,KSBP ,11851
72289903179,KCNO ,10561
72290023188,KSAN ,11195
72290303131,KMYF ,11558
72290403178,KSDM ,12425
72290693112,KNZY ,10555
72290753143,KSEE ,16875
72290993115,KNRS ,10909
72291093116,KNSI ,11406
72292023191,KAVX ,15549
72292593117,KNUC ,9631
72292603154,KNFG ,10686
72292703177,KCRQ ,12298
72292800369,KNXF ,2984
72293193107,KNKX ,10475
72293453121,KOKB ,12713
72295023174,KLAX ,10987
72295303183,KMHV ,22684
72295503174,KTOA ,4568
72295603167,KHHR ,11526
72297023129,KLGB ,11157
72297263878,K3LF ,25753
72297553141,KSLI ,11198
72297603166,KFUL ,10896
72297793184,KSNA ,11035
72301003810,KHKY ,12299
72302013748,KILM ,12378
72303013714,KPOB ,13755
72303493747,KHFF ,15300
72303593740,KFAY ,11930
72303793765,KMRH ,12205
72304613766,KMQI ,25469
72305563816,KSVH ,25043
72306013722,KRDU ,10338
72306513783,KPGV ,25380
72306613713,KGSB ,12168
72306793726,KISO ,15093
72306893759,KRWI ,12460
72306993753,KOAJ ,11745
72307013786,KECG ,12026
72307403703,KEDE ,25424
72307513769,KNTU ,10561
72307993796,KASJ ,25136
72308013737,KORF ,11422
72308313763,KFKN ,25563
72308493775,KOFP ,11921
72308513750,KNGU ,10793
72308693741,KPHF ,11943
72308793735,KFAF ,11456
72309013754,KNKT ,12526
72309593719,KEWN ,12673
72309693727,KNCA ,12653
72309793743,KNJM ,11235
72309893798,KCJR ,25567
72310013883,KCAE ,11534
72310453867,KCUB ,12152
72310503858,KMMT ,11463
72310613744,KFLO ,12461
72310700371,KMNI ,24381
72310813776,KLBT ,377
72310993782,KMEB ,12483
72311013873,KAHN ,12614
72311403715,KLKU ,23013
72311553854,KOGB ,12898
72311603742,KUDG ,10853
72311753871,KUZA ,11909
72311853850,KCEU ,12278
72311913886,KGMU ,12004
72312003870,KGSP ,11782
72312263889,KGYH ,14072
72312314886,KLNL ,25354
72312453874,KGRD ,12361
72313993729,KHSE ,12465
72314013881,KCLT ,10748
72314303720,KSOP ,10572
72314453890,KFQD ,22326
72314653892,KGEV ,23599
72314753870,KAKH ,12274
72314863859,KMRN ,25573
72315003812,KAVL ,12997
72315663812,KRUQ ,25032
72316013870,KAMG ,13110
72316563821,KUKF ,24246
72317013723,KGSO ,10933
72317153144,K9L2 ,10010
72317493783,KBUY ,11840
72317763807,KMWK ,19369
72319093846,KAND ,12066
72319393807,KINT ,11636
72319453872,KEQY ,11763
72320093801,KRMG ,13011
72323003856,KHSV ,12038
72323163883,KHUA ,12352
72323513896,KMSL ,12711
72324013882,KCHA ,11376
72324900463,KMRC ,22626
72325003847,KCSV ,14213
72326013891,KTYS ,11291
72327013897,KBNA ,11064
72327313827,KMQY ,11236
72327400372,KSRB ,25549
72328003894,KCKV ,12864
72328493839,KNQA ,13206
72329003935,KCGI ,12346
72330003975,KPOF ,12385
72330613825,KCBM ,17656
72330753893,KGTR ,11745
72332093862,KTUP ,12181
72334013893,KMEM ,11320
72334603811,KMKL ,12613
72334703809,KDYR ,10754
72335013877,KTRI ,10835
72340003952,KLZK ,874
72340313963,KLIT ,11014
72340503930,KLRF ,13389
72340693991,KARG ,11599
72340703953,KJBR ,12014
72340813814,KBYH ,1015
72340953869,KHKA ,11837
72341503962,KHOT ,12374
72341613925,KSGT ,11345
72341793988,KPBF ,11895
72341813977,KTXK ,12070
72341993992,KELD ,12494
72342500373,KCDH ,25680
72342953920,KRUE ,11788
72343403973,KASG ,5909
72343553921,KMWT ,11701
72343653922,KXNA ,11733
72343953918,KBPK ,11916
72344013964,KFSM ,11634
72344154921,KBVN ,25563
72344353955,KSLG ,10904
72344403978,KVBT ,11037
72344593993,KFYV ,11668
72344703918,KFLP ,11127
72344853934,KBVX ,11386
72344953954,KROG ,11444
72345013971,KHRO ,12235
72348453901,KUNO ,12467
72349513987,KJLN ,11066
72351013966,KSPS ,10722
72352013902,KLTS ,11288
72352593986,KHBR ,10781
72352603932,KCSM ,11162
72352803981,KFDR ,10682
72353013967,KOKC ,10994
72353513909,KEND ,11059
72353653986,KWDG ,15584
72353753913,KGOK ,10977
72354013919,KTIK ,10311
72354403954,KPWA ,11088
72354503965,KSWO ,11048
72355013945,KFSI ,11962
72355593940,KADM ,16121
72355693953,KMKO ,11808
72356013968,KTUL ,10325
72356453908,KRVS ,11335
72356503959,KBVO ,11690
72356693950,KMLC ,11681
72357003948,KOUN ,15970
72357503950,KLAW ,10937
72360023051,KCAO ,10403
72362093040,KONM ,24086
72362593057,KGNT ,25078
72362603737,KONX ,22955
72362723081,KGUP ,10335
72362893942,KBBD ,25777
72362953998,KORG ,25657
72363023047,KAMA ,11215
72363503024,KBGD ,10544
72364703034,KAEG ,14182
72365023050,KABQ ,9647
72365493091,KLAM ,25695
72365623049,KSAF ,9960
72365823090,KFMN ,9863
72366023007,KCDS ,10540
72366303012,KSKX ,9790
72367623048,KTCC ,10127
72367723054,KLVS ,10532
72370093167,KIGM ,9909
72371003162,KPGA ,9416
72372323184,KPRC ,10200
72374023194,KINW ,9689
72374500374,KPAN ,25387
72374703101,KSOW ,25097
72375003103,KFLG ,11364
72375493027,KSJN ,9938
72375600375,KSEZ ,25696
72375854928,KRCX ,25596
72375953990,K4O4 ,25898
72376123901,KRWV ,25874
72376293244,KIZA ,24071
72378303195,KGCN ,10862
72378853135,KIFP ,17004
72380523179,KEED ,9009
72381023114,KEDW ,9384
72381523161,KDAG ,9289
72381603159,KWJF ,9408
72382023182,KPMD ,9376
72382523131,KVCV ,8635
72383023187,KSDB ,11913
72384023155,KBFL ,10268
72386023169,KLAS ,9528
72387003160,KDRA ,18178
72389093193,KFAT ,9996
72389403181,KMMH ,21400
72389523149,KPTV ,9428
72389693144,KVIS ,10569
72389853119,KHJO ,11298
72391093111,KNTD ,11404
72392523190,KSBA ,10929
72392623136,KCMA ,11654
72392793110,KOXR ,11988
72393093214,KVBG ,16441
72394023273,KSMX ,12927
72396593209,KPRB ,10819
72398093720,KSBY ,11788
72399014711,KMDT ,11168
72400603701,KCPK ,25745
72400703719,KSFQ ,25571
72401013740,KRIC ,10727
72401493714,KPTB ,25143
72401693736,KCHO ,11483
72401703707,KFVX ,22648
72401993773,KAKQ ,12208
72402093739,KWAL ,12080
72402603716,KMFV ,15945
72403093738,KIAD ,10699
72403303706,KEZF ,24709
72403513773,KNYG ,11347
72403603710,KHEF ,10925
72403793728,KDAA ,12981
72404013721,KNHK ,11072
72404303756,KESN ,13142
72405013743,KDCA ,11158
72405303717,KOKV ,25226
72405503714,KJYO ,25574
72405663805,KMKJ ,23831
72405713701,KAPG ,11974
72405853818,KVJI ,22807
72406093721,KBWI ,10675
72406693706,KHGR ,11536
72406793744,KMTN ,12223
72407093730,KACY ,11726
72407493780,KVAY ,11886
72407513735,KMIV ,11649
72407754779,K12N ,9123
72408013739,KPHL ,11214
72408454760,KBLM ,10779
72408594732,KPNE ,11419
72408813707,KDOV ,12687
72409014780,KNEL ,10843
72409313764,KGED ,11719
72409454743,KCDW ,11736
72409514792,KTTN ,11713
72409614706,KWRI ,12225
72409754738,KMMU ,15944
72410013733,KLYH ,11795
72410593760,KSHD ,25488
72410613728,KDAN ,11388
72410753895,KHLX ,24520
72411013741,KROA ,10614
72411353881,KBCB ,25654
72411593757,KHSP ,14446
72411613868,KPSK ,19932
72411763802,KLNP ,25581
72411893797,KAVC ,24499
72412003872,KBKW ,13112
72412503859,KBLF ,13369
72412753801,KLWB ,18906
72414013866,KCRW ,10608
72417013729,KEKN ,14204
72417503802,KCKB ,12583
72417613736,KMGW ,12368
72417713734,KMRB ,11460
72418013781,KILG ,11460
72419003889,KJKL ,13942
72420014891,KMFD ,12643
72421093814,KCVG ,11449
72422093820,KLEX ,12052
72423093821,KSDF ,11488
72423353841,KFFT ,12559
72423513810,KLOU ,12017
72423753803,KOWB ,10707
72423853886,KEHR ,11251
72424013807,KFTK ,16811
72424303849,KLOZ ,12607
72425003860,KHTS ,12328
72427053868,KOQT ,12292
72427303804,KPKB ,12287
72427514894,KHLG ,13279
72427653859,KMGY ,11975
72428014821,KCMH ,10968
72428463825,KTZR ,17665
72428513812,KLCK ,8832
72428693824,KZZV ,12521
72428704848,KTDZ ,12093
72428804804,KOSU ,11806
72429093815,KDAY ,11558
72429453844,KLHQ ,12982
72429563888,KSGH ,11939
72429613841,KILN ,12633
72429793812,KLUK ,12461
72429804850,KAOH ,12583
72430314813,KAKR ,12501
72432093817,KEVV ,11751
72433003879,KSLO ,25826
72433593894,KMVN ,11981
72433693810,KMDH ,12626
72433813802,KBLV ,12807
72433903865,KMWA ,16865
72434013994,KSTL ,11377
72434503966,KSUS ,11369
72434753904,KSET ,12119
72435003816,KPAH ,11975
72435463815,KSME ,24880
72435653866,KGEZ ,12136
72436313803,KBAK ,6318
72436553896,KHNB ,11845
72437303868,KHUF ,12357
72437503893,KBMG ,12794
72438093819,KIND ,11258
72438453842,KEYE ,12208
72438504828,KAID ,18537
72438614835,KLAF ,12283
72438754807,KOKK ,11301
72438814829,KGSH ,12662
72439093822,KSPI ,11907
72439503958,KALN ,15504
72439754831,KBMI ,10678
72440013995,KSGF ,11846
72442013997,KVIH ,12169
72443093989,KUIN ,11954
72445003945,KCOU ,11085
72445303994,KDMO ,11666
72445493996,KFAM ,11003
72445514938,KIRK ,12161
72445703938,KTBN ,13172
72445803963,KJEF ,11438
72445953931,KAIZ ,10010
72446003947,KMCI ,11238
72446203073,KDKR ,16977
72446313988,KMKC ,11042
72446453916,KCDJ ,9093
72446713930,KSZL ,10168
72446803967,KOJC ,11529
72447593909,KIXD ,11376
72449013993,KSTJ ,11714
72450003928,KICT ,10286
72450213932,KWLD ,11051
72450403974,KAAO ,11154
72450503923,KIAB ,12050
72450613986,KHUT ,11058
72450713981,KCNU ,11668
72450803997,KLWC ,11675
72450953939,KEWK ,10116
72451013985,KDDC ,11161
72451523064,KGCK ,10739
72451623020,KLBL ,10173
72451713940,KGBD ,10345
72451803968,KHYS ,9854
72451993967,KCFV ,11255
72452003957,KP28 ,9046
72453013969,KPNC ,10756
72455013947,KFRI ,10966
72455503936,KMHK ,11219
72455613989,KEMP ,11811
72456013996,KTOP ,11554
72456513920,KFOE ,11447
72458013984,KCNK ,11474
72458593997,KRSL ,10999
72458603919,KSLN ,10714
72460493076,KEHA ,22807
72462023061,KALS ,10226
72462593005,KDRO ,10659
72462703011,KTEX ,25764
72463523067,KLHX ,10398
72463603013,KLAA ,10604
72464093058,KPUB ,10490
72464523070,KTAD ,10722
72464603028,KSPD ,8948
72465023065,KGLD ,11027
72465593990,KHLC ,10819
72466093037,KCOS ,10513
72466593010,KLIC ,11185
72466693067,KAPA ,10207
72467393009,KLXV ,12460
72467494050,KEEO ,10762
72467523063,KEGE ,9866
72467693073,KASE ,11523
72467793007,KGUC ,9860
72467894033,KSBS ,25616
72468094015,KFCS ,10656
72468903026,KITR ,11035
72469523036,KBKF ,9087
72469824015,KAKO ,11480
72469903065,KBJC ,14173
72470093141,KPUC ,10338
72473323170,KHVE ,25212
72473700377,KINF ,24668
72475423186,KSGU ,9271
72475593129,KCDC ,10322
72475623159,KBCE ,11227
72476023066,KGJT ,9913
72476593013,KMTJ ,10083
72476793069,KCEZ ,10335
72476824051,KGXY ,10056
72476994035,KFNL ,10447
72477003170,KP68 ,9220
72477693075,KCNY ,9679
72479694128,KLGU ,11188
72479723176,KMLF ,11522
72480023157,KBIH ,9573
72481023203,KMER ,12765
72481523257,KMCE ,11174
72482893241,KVCB ,10618
72483023232,KSAC ,11168
72483323206,KMHR ,14750
72483623208,KMCC ,24841
72483793216,KBAB ,10653
72483893205,KMYV ,10666
72483993225,KSMF ,10201
72484653123,KVGT ,9338
72485523153,KTPH ,9816
72486023154,KELY ,10403
72488023185,KRNO ,9859
72488593102,KNFL ,9930
72491523259,KMRY ,13045
72492023237,KSCK ,10729
72492623258,KMOD ,10799
72492723285,KLVK ,10586
72493023230,KOAK ,10640
72493723289,KPAO ,4678
72493893231,KSQL ,15295
72494023234,KSFO ,10494
72494523293,KSJC ,9982
72494693232,KRHV ,5351
72495023254,KCCR ,10551
72495593227,KAPC ,12248
72495723213,KSTS ,12690
72497393203,KCIC ,15231
72497593809,KCIR ,25491
72498894704,KDSV ,11940
72501454780,KMTP ,9138
72501504789,KMGJ ,12440
72501654790,KHWV ,12130
72502014734,KEWR ,10471
72502300474,KRNV ,9812
72502594741,KTEB ,10658
72502754788,KMMK ,12156
72502964707,KOXC ,10838
72503014732,KLGA ,10696
72503614757,KPOU ,11834
72503794745,KHPN ,10826
72503814714,KSWF ,8807
72504094702,KBDR ,11368
72504514758,KHVN ,11519
72504614707,KGON ,11882
72505004781,KISP ,10979
72505394728,KNYC ,11623
72505464710,KSFZ ,12136
72505894793,KBID ,11185
72505914702,KBED ,11633
72506014756,KACK ,12807
72506114704,KFMH ,8579
72506454769,KPYM ,12258
72506594726,KEWB ,12550
72506694724,KMVY ,13118
72506794720,KHYA ,12207
72506854777,KTAN ,13105
72506994624,KCQX ,13209
72507014765,KPVD ,11494
72507364708,KPVC ,10997
72507454752,KOQU ,4060
72507554768,KAQW ,12667
72507914787,KUUU ,12840
72508014740,KBDL ,11473
72508454767,KIJD ,12663
72508554756,KORE ,13501
72508654734,KDXR ,11944
72508714752,KHFD ,11902
72508854733,KBVY ,12325
72509014739,KBOS ,11176
72509854704,KOWD ,12842
72510094746,KORH ,12572
72510314712,KRDG ,11831
72510404843,KGKJ ,14105
72510514770,KSEG ,12912
72510704780,KFIT ,12208
72510954782,KPTW ,11920
72511354786,KDYL ,11568
72511493778,KTHV ,12228
72511654737,KLNS ,11631
72511704827,KAFJ ,11808
72511814751,KCXY ,11200
72511954792,KFIG ,14759
72512464705,KBTP ,12363
72512504787,KDUJ ,14670
72512614736,KAOO ,12802
72512704726,KJST ,14975
72512854739,KUNV ,14277
72513014777,KAVP ,12746
72514014778,KIPT ,12466
72514454723,KMUI ,11996
72514554746,KMSV ,13785
72514654773,KFZY ,13725
72515004725,KBGM ,14626
72515594761,KITH ,11199
72515614748,KELM ,13591
72515754757,KELZ ,15694
72516594737,KRUT ,11085
72517014737,KABE ,11326
72517213762,KNFE ,11936
72517564706,KIDI ,25573
72518014735,KALB ,11382
72519014771,KSYR ,11529
72519454778,KPEO ,13131
72519664775,KRME ,12912
72520094823,KPIT ,10531
72520404813,KBVI ,25658
72520514762,KAGC ,13188
72520754735,KLBE ,14369
72520804855,KMNN ,10070
72521014895,KCAK ,11043
72521404849,KLPR ,12613
72521604842,KBJJ ,12900
72521753855,KHAO ,12730
72522014750,KGFL ,13725
72522404852,KPHD ,12852
72522904858,KVTA ,13545
72523504720,KJHW ,14657
72524014820,KCLE ,11411
72524504853,KBKL ,11324
72524704805,KCGF ,14190
72525014852,KYNG ,11404
72525300380,KPOV ,23897
72525404851,KDFI ,12505
72525604857,KHZY ,13430
72525800382,KTOC ,25847
72526014860,KERI ,12583
72526604751,KBFD ,15399
72526794868,KFKL ,13216
72528014733,KBUF ,11579
72528300465,KOLE ,21069
72528704724,KIAG ,12244
72529014768,KROC ,11668
72529214976,KGGI ,24129
72529400383,KAFP ,24661
72530094846,KORD ,11263
72530594892,KDPA ,11767
72531403960,KCPS ,11333
72531594870,KCMI ,12044
72531603887,KDEC ,11691
72531753802,KMTO ,12064
72532014842,KPIA ,11603
72532604894,KSQI ,10967
72532704846,KVPZ ,12482
72533014827,KFWA ,11489
72533594833,KGUS ,14355
72533694895,KMIE ,12235
72533704807,KGYY ,13423
72534014819,KMDW ,10680
72534213809,KLWV ,12030
72534514834,KJOT ,25861
72534714880,KUGN ,11454
72534804831,KLOT ,25503
72535014848,KSBN ,11914
72535404806,KEKM ,4725
72536094830,KTOL ,12055
72536614825,KFDY ,12115
72537094847,KDTW ,11590
72537354819,KONZ ,25723
72537494889,KARB ,13834
72537514822,KDET ,11678
72537614853,KYIP ,11836
72537714804,KMTC ,12397
72537804887,KOZW ,25665
72538354827,KIRS ,25125
72538404888,KPHN ,24883
72538694898,KP58 ,9075
72538794899,KP59 ,9082
72539014836,KLAN ,12554
72539404839,KBIV ,12555
72539514833,KJXN ,12753
72539614815,KBTL ,12152
72540404847,KADG ,11853
72540554816,KAMN ,25539
72540654817,KBAX ,25671
72540704854,KGLR ,14454
72540804881,KISQ ,25717
72540904882,KJYM ,25595
72541404886,KOEB ,25445
72541554821,KRMY ,25637
72541614864,KRQB ,25764
72541754822,KTEW ,25806
72541854823,KTTF ,25638
72542014931,KBRL ,11654
72542404885,KMOP ,25780
72543094822,KRFD ,11055
72543454789,KMPO ,13651
72544014923,KMLI ,11419
72545014990,KCID ,11499
72545314930,KAIO ,25543
72545404903,KAWG ,25477
72545604921,KEOK ,25355
72545704904,KAXA ,25214
72545804907,KCAV ,25410
72546014933,KDSM ,10610
72546194988,KMIW ,11184
72546214937,KIOW ,11420
72546314966,KCCY ,25706
72546404977,KTNU ,25422
72546514950,KOTM ,11504
72546604938,KIKV ,25571
72546704973,KSDA ,25345
72546804910,KCIN ,25418
72546904913,KCNC ,25548
72547094908,KDBQ ,11831
72547294989,KAMW ,11398
72547394979,KCWI ,10256
72547404915,KCSQ ,25561
72547504953,KMXO ,25469
72547604916,KDEH ,25133
72547704917,KDNS ,25409
72547804920,KEBS ,24837
72547904937,KICL ,25602
72548094910,KALO ,11491
72548304930,KFSW ,24760
72548404942,KLRJ ,25582
72548514940,KMCW ,11825
72548604906,KBNW ,25498
72548704950,KMUT ,25599
72548804955,KOLZ ,24877
72549094933,KFOD ,11481
72549304962,KOXV ,23939
72549404966,KRDK ,25548
72549504975,KSHL ,25575
72549604976,KSLB ,24854
72549704908,KCBF ,25402
72549894998,KADU ,25535
72549994991,KLWD ,11208
72550014942,KOMA ,10595
72551014939,KLNK ,11157
72551214989,KJYR ,25939
72551304901,KAUH ,25994
72551403757,KNUI ,11322
72551594947,KBIE ,25710
72552014935,KGRI ,11593
72552494958,KODX ,11909
72552594949,KHSI ,11306
72552614905,KEAR ,10889
72552794978,KTQE ,11508
72553394957,KFNB ,11174
72554014949,KOFF ,9679
72554104993,KAFK ,25801
72555594946,KBBW ,11315
72555694975,KANW ,25807
72556014941,KOFK ,11489
72556404924,KFET ,25450
72556594951,KOLU ,11101
72556604957,KONL ,25704
72557014943,KSUX ,11209
72561024030,KSNY ,10744
72562024023,KLBF ,11094
72562194063,KOGA ,25811
72562414994,KLXN ,25978
72562594040,KMCK ,10912
72562624091,KIML ,10602
72562804935,KHDE ,25987
72563524044,KAIA ,11491
72563624017,KCDR ,10876
72564024018,KCYS ,11308
72564524022,KLAR ,11421
72565003017,KDEN ,10559
72566024028,KBFF ,10778
72566594073,KIBM ,25787
72567024032,KVTN ,11388
72568694057,KDGW ,11571
72569024089,KCPR ,11452
72570024046,KCAG ,11348
72570594030,KVEL ,10112
72571094025,KHDN ,11174
72571703016,KRIL ,10331
72572024127,KSLC ,10197
72572424174,KPVU ,9786
72574424027,KRKS ,10806
72575024126,KOGD ,10397
72575524101,KHIF ,10897
72576024021,KLND ,10768
72576394053,KTOR ,10835
72577504111,KEVW ,12554
72577624166,KJAC ,11854
72578024156,KPIH ,10581
72578404109,KP69 ,9044
72578524145,KIDA ,11397
72580524172,KLOL ,10013
72581024193,KENV ,9011
72582524121,KEKO ,10408
72583024128,KWMC ,10161
72583524119,KBAM ,25420
72584523225,KBLU ,12580
72584693201,KTRK ,16996
72584793230,KTVL ,12501
72585093228,KHWD ,11018
72586494182,KMYL ,13722
72586594161,KSUN ,14029
72586694178,KTWF ,10436
72586724133,KBYI ,10920
72589594236,KLMT ,11321
72590523275,KUKI ,11282
72591024216,KRBL ,10584
72592024257,KRDD ,11104
72593023233,KSNS ,11541
72594024213,KEKA ,1403
72594524283,KACV ,16030
72594624286,KCEC ,16531
72595524259,KSIY ,10872
72595724215,KMHS ,11853
72595894299,KAAT ,11113
72597024225,KMFR ,11029
72597524235,KSXT ,16667
72597694285,KLKV ,11379
72598524267,KBOK ,13954
72605014745,KCON ,12527
72605504743,KPSM ,10602
72605654791,KDAW ,12108
72606014764,KPWM ,11306
72606464709,KSFM ,11663
72607014606,KBGR ,11444
72607314615,KWVL ,12058
72607714616,KBHB ,11221
72607994601,KRKD ,10920
72608304836,KFVE ,14410
72611454771,KMVL ,13958
72611554740,KVSF ,13528
72611694765,KLEB ,13505
72613014755,KMWN ,377
72614054742,K1V4 ,9136
72614594705,KMPV ,14571
72615554736,KLCI ,11062
72616094700,KBML ,14348
72616354770,KAFN ,13543
72616454728,KHIE ,13605
72616594721,KEEN ,13158
72616654781,KDDH ,13361
72617014742,KBTV ,11815
72618354772,KIZG ,12254
72618494709,KLEW ,11615
72618514605,KAUG ,12615
72619094626,KGNR ,9137
72619614610,KMLT ,12570
72622394725,KMSS ,12345
72622564776,KPBG ,11129
72622794790,KART ,12279
72622894740,KSLK ,15446
72628494836,KSAW ,14715
72635094860,KGRR ,11685
72635594871,KBEH ,12845
72635794815,KAZO ,11827
72635800384,KMGC ,24264
72636014840,KMKG ,11874
72636404883,KLDM ,25683
72637014826,KFNT ,11964
72637594817,KPTK ,11955
72637914845,KMBS ,12367
72638094814,KHTL ,14306
72638414817,KCAD ,25782
72638594894,KMBL ,13347
72638714850,KTVC ,11530
72639094849,KAPN ,12705
72639100385,K7BM ,25821
72639200424,K5SM ,25504
72639404874,KERY ,25733
72639514808,KOSC ,25814
72639600422,K4BM ,25523
72640014839,KMKE ,10986
72640404865,KARV ,25365
72640594869,KMWC ,16165
72640904897,KUES ,14772
72641014837,KMSN ,11546
72641304875,KETB ,22986
72641404873,KEFT ,25400
72641594854,KJVL ,13685
72641614921,KLNR ,12645
72641754911,KMDZ ,25682
72641854912,KOEO ,25328
72641994929,KASX ,12853
72642494818,KRAC ,11716
72642504841,KSBM ,12076
72642604895,KSTE ,24895
72642754908,KSUW ,25593
72643014920,KLSE ,11389
72643514991,KEAU ,12399
72643694930,KVOK ,13010
72643794940,KCMY ,19573
72643894994,KOVS ,12375
72644014925,KRST ,12126
72644404963,KPDC ,24644
72644904891,KRRL ,25256
72645014898,KGRB ,11853
72645204826,KISW ,12662
72645594897,KMTW ,11532
72645694855,KOSH ,11732
72645704825,KATW ,13965
72645804824,KSUE ,11110
72646314897,KAUW ,12383
72646454834,KRYV ,25583
72646594890,KCWA ,14561
72646654917,KAQP ,25002
72646754909,KRPD ,25624
72646854913,KPBH ,25568
72648094853,KESC ,12470
72648794896,KMNM ,11727
72649804925,KFFL ,25468
72649994971,KEST ,12059
72650014972,KSPW ,11907
72650254832,KCLI ,19670
72650354833,KDLL ,25557
72650454838,KEGV ,25652
72650504845,KENW ,11571
72650604840,KFLD ,11796
72650754907,KMRJ ,24130
72650894973,KHYR ,12714
72650904898,KUNU ,25513
72651014944,KFSD ,11167
72651494032,KCUT ,11540
72651594902,KBKX ,11260
72651624024,KPHP ,10672
72651794039,KIEN ,11488
72651894990,KICR ,11340
72651994993,K8D3 ,9171
72652594911,KYKN ,10970
72653094943,K9V9 ,26002
72653994056,KD07 ,9085
72654014936,KHON ,11119
72654404958,KORB ,25524
72654594950,KMHE ,11022
72654614946,KATY ,12240
72654704931,KGHW ,25430
72654804971,KRRT ,25022
72654954905,KCQM ,25727
72655014926,KSTC ,11578
72655304951,KMVE ,25742
72655454906,KJYG ,25531
72655594938,KBRD ,12734
72655614992,KRWF ,11382
72655714910,KAXN ,12152
72655804914,KCOQ ,24452
72655994976,KMML ,10871
72656024025,KPIR ,11021
72656194997,KADC ,25716
72656204943,KLVN ,25789
72656394969,KFBL ,25678
72656404967,KRGK ,25532
72656504948,KMOX ,25502
72656604965,KPQN ,25601
72656704980,KULM ,25755
72656804961,KOWA ,25616
72656904933,KHCD ,25703
72657294966,KFFM ,25558
72657494985,KMFI ,12923
72657594960,KMIC ,11342
72657794974,KANE ,15001
72657804944,KLXL ,24770
72657994963,KFCM ,11292
72658014922,KMSP ,11166
72658304941,KLJF ,21492
72658414927,KSTP ,11196
72658514954,KMKT ,11045
72658694948,KFRM ,10267
72658794927,KOTG ,11213
72658804956,KONA ,25293
72658994968,KAEL ,25750
72659014929,KABR ,11211
72659304946,KMJQ ,25477
72659604978,KTOB ,25922
72660304974,KSGS ,25721
72660500386,KSPF ,25519
72662024090,KRAP ,10953
72662524006,KRCA ,12785
72662604864,KAIG ,25620
72662794037,K2WX ,9217
72665094023,KGCC ,11465
72665494054,KBYG ,11768
72666024029,KSHR ,11215
72666494173,KP60 ,8421
72666524062,KWRL ,10210
72666724048,KGEY ,10115
72667624087,KGDV ,9679
72667904969,KROS ,25592
72668254914,KPNM ,25741
72668594052,KMBG ,11032
72669024057,KRWL ,11401
72670024045,KCOD ,10147
72671024164,KBPI ,10812
72672024061,KRIW ,10566
72676494163,KWYS ,13927
72677024033,KBIL ,10579
72677624036,KLWT ,11393
72677794055,KBHK ,11401
72679724132,KBZN ,10912
72679824150,KLVM ,11516
72681024131,KBOI ,10489
72681394195,KEUL ,9601
72681524106,KMUO ,11235
72681604110,KJER ,10510
72681724154,KMLP ,19096
72681894194,KRXE ,11428
72682404112,KSNT ,9033
72683094185,KBNO ,10826
72683604201,KSPB ,12604
72683724162,KONO ,10684
72686524196,KSMN ,9959
72687300452,KGIC ,25493
72687594107,KREO ,9160
72687600387,KGCD ,24727
72688024155,KPDT ,10741
72688194273,KMMV ,12653
72688304113,KHRI ,10238
72688424148,KLGD ,10326
72688524152,KMEH ,12114
72688624130,KBKE ,10957
72690424231,KRBG ,11823
72691724284,KOTH ,13800
72692024230,KRDM ,10153
72693024221,KEUG ,11487
72694024232,KSLE ,11672
72694524202,KCVO ,12272
72695024285,KONP ,25622
72695994281,KUAO ,11950
72698024229,KPDX ,10897
72698524242,KTTD ,11660
72698694261,KHIO ,12002
72698824219,KDLS ,10267
72703314609,KHUL ,13107
72711994605,K40B ,8160
72712014607,KCAR ,12871
72713014604,KPQI ,12344
72713594623,KIWI ,12307
72734014847,KANJ ,13822
72734404869,KCIU ,13253
72734714841,KPLN ,13611
72741504803,KRHI ,13756
72741754825,KPZQ ,25679
72743094850,KMQT ,377
72743404870,KCVX ,25608
72743554820,KMCD ,25718
72743604863,KACB ,25245
72743794893,KIMT ,13049
72744014858,KCMX ,14329
72744404979,KTWM ,24436
72744594926,KIWD ,13024
72744904954,KMZH ,25076
72745014913,KDLH ,12477
72745204912,KCKN ,25423
72745394967,KPKD ,11951
72745404911,KCKC ,24676
72745594931,KHIB ,13981
72745604919,KDYT ,24171
72745794962,KDTL ,25518
72745894919,KGPZ ,10917
72745994964,KELO ,25280
72746604918,KDXX ,25312
72746704926,KFGN ,16847
72746804928,KFOZ ,25387
72746994992,KGNA ,9146
72747014918,KINL ,12212
72747394977,KCDD ,24428
72747404923,KEVM ,20555
72747504940,KJMR ,25736
72747694961,KBDE ,11852
72747704970,KROX ,25455
72747804934,KHCO ,25720
72748604983,KVWU ,21522
72749704984,KXVG ,20025
72750304909,KCBG ,20865
72750494999,KAIT ,20755
72750504929,KFSE ,21411
72750604952,KMWM ,25160
72750754904,KBBB ,25720
72750854915,KPWC ,24409
72751454910,KSAZ ,25338
72751504982,KVVV ,25712
72751704932,KGYL ,25707
72753014914,KFAR ,11384
72753304922,KETH ,17833
72753514919,KJMS ,11437
72755014958,KBJI ,25779
72755594956,KTVF ,11106
72755604905,KBFW ,12727
72756604902,KAUM ,25246
72757014916,KGFK ,11000
72757394928,KDVL ,10835
72757594925,KRDR ,11221
72758494038,KHEI ,11143
72763024012,KDIK ,11303
72764024011,KBIS ,11039
72767594011,KMIB ,11361
72767624013,KMOT ,11114
72767794041,KN60 ,9150
72768094008,KGGW ,10590
72768494051,KJDN ,9161
72768694017,KOLF ,10832
72768794028,KSDY ,10191
72769024137,KCTB ,11025
72770024138,KDLN ,10293
72772024144,KHLN ,10592
72773024153,KMSO ,11492
72774024135,KBTM ,10976
72775024143,KGTF ,10702
72775524112,KGFA ,10339
72777094012,KHVR ,10694
72779024146,KGPI ,11261
72781024243,KYKM ,10223
72781524237,KSMP ,22556
72782594239,KEAT ,10764
72782724110,KMWH ,9991
72783024149,KLWS ,10761
72783424136,KCOE ,10468
72784524163,KPSC ,9695
72784624160,KALW ,10732
72785024157,KGEG ,10688
72785524114,KSKA ,12087
72785694176,KSFF ,10978
72785794129,KPUW ,11804
72787094119,KDEW ,11750
72788324220,KELN ,10883
72788594266,KCLM ,12557
72789094197,KOMK ,10900
72790024141,KEPH ,10276
72791094224,KAST ,15239
72791894298,KVUO ,12178
72792024227,KOLM ,13939
72792394225,KHQM ,14874
72792424223,KKLS ,11559
72792594227,KSHN ,15408
72792894263,KPWT ,13717
72793024233,KSEA ,11838
72793494248,KRNT ,12128
72793524234,KBFI ,10937
72793724222,KPAE ,12846
72793894274,KTIW ,12920
72794504205,KAWO ,12695
72797094240,KUIL ,16690
72797624217,KBLI ,10724
72798594276,KFHR ,12095
74000154793,KFWN ,13062
74000203042,KVTP ,25720
74003024103,KDPG ,1889
74003503145,KNYL ,9302
74206024207,KTCM ,14892
74207124201,KGRF ,13160
74207703763,KSIF ,20835
74207864773,K1P1 ,25715
74207963876,K3I2 ,24383
74230024037,KMLS ,10858
74251353937,KDUA ,25821
74331253925,KDEQ ,13595
74370014715,KGTB ,15603
74394514710,KMHT ,11033
74394654754,KASH ,10737
74410414763,KPSF ,14405
74421494852,KMZZ ,25923
74455094982,KDVN ,11580
74465253897,KHSB ,25570
74465363814,KSAR ,21057
74465504808,KARR ,11498
74465653891,KFWC ,25818
74465753887,KENL ,25813
74465853889,KFOA ,25875
74465953822,KOLY ,25637
74466000388,KRZL ,25470
74466263817,KTAZ ,24028
74466353950,KPPQ ,25672
74466504838,KPWK ,11649
74466653944,KIJX ,25709
74467204862,KAAA ,25828
74486094789,KJFK ,10374
74486454787,KFRG ,11555
74486514719,KFOK ,12438
74490494723,KLWM ,11645
74490714753,BHOM ,482
74490714753,BHOM3,1486
74491014703,KCEF ,12115
74491514775,KBAF ,12539
74498914747,KDKK ,12862
74499404741,KSCH ,4745
74504693242,KMAE ,10910
74504893210,KOVE ,10774
74505653120,KRNM ,13216
74505753130,KWHP ,4018
74505823277,KWVI ,13207
74509023244,KNUQ ,5794
74516023202,KSUU ,11155
74531093065,KAFF ,12287
74543093978,KPTT ,25639
74543103998,KPPF ,11106
74570013840,KFFO ,11960
74594013705,KADW ,11970
74594693786,KOXB ,11612
74596603726,KWWD ,10262
74598013702,KLFI ,12165
74598563806,KMTV ,25535
74611003182,KBYS ,9216
74612093104,KNID ,9391
74614023112,KLSV ,9119
74614123141,KINS ,10277
74641013975,KGAG ,10915
74671013806,KHOP ,12931
74671693808,KBWG ,12546
74692503741,KOCW ,22354
74692903702,KDPL ,23268
74693093737,KFBG ,16077
74693503709,KHBI ,24180
74693603712,KHRJ ,25560
74694003708,KGWW ,25504
74694100389,KM40 ,25677
74702023110,KNLC ,10395
74704003102,KONT ,10130
74704303165,KEMT ,4250
74718503144,KIPL ,9349
74718703104,KTRM ,9266
74718823158,KBLH ,9112
74732023002,KHMN ,9896
74733503059,KSOA ,22898
74735553997,KMKN ,25964
74736093042,KDHT ,10616
74739013961,KFTW ,11314
74740013973,KJCT ,11447
74746003904,KCLL ,12367
74754093915,KAEX ,12964
74756012816,KGNV ,13110
74757093874,KGPT ,13102
74758013978,KGWO ,12001
74759013833,KHBG ,13497
74768013939,KGLH ,12043
74768613820,KBIX ,14182
74768853858,KPQL ,14037
74775013846,KPAM ,15544
74776003818,KMAI ,12056
74777003852,KHRT ,12471
74780413824,KSVN ,11513
74780563818,KTBR ,25869
74780663809,KOPN ,25825
74780703821,KLGC ,25432
74780863803,KLZU ,11244
74780903832,KWDR ,25609
74781013857,KVAD ,14549
74781263813,KRYY ,10881
74782053860,KCRG ,12089
74783012849,KFLL ,10672
74787012834,KDAB ,10828
74788012810,KMCF ,14714
74790013849,KSSC ,13152
74791013717,KMYR ,10764
74791593718,KCRE ,12586
74791700390,KLRO ,24274
74791800391,KGGE ,24076
74793012843,KVRB ,11633
74793112876,KGIF ,12294
74794012868,KXMR ,11452
74794612886,KTTS ,12238
74795012867,KCOF ,10565
74904800415,K42J ,25694
74917100479,KTSP ,22772
74917900392,KCVH ,25622
74923000393,PATE ,13953
74948400395,KE16 ,25678
74948500396,KFOT ,22092
74948600397,KGOO ,25006
78016013601,TXKF ,1881
78367011706,MUGM ,8849
78514011603,TJBQ ,6072
78526011641,TJSJ ,9370
78526500494,TJIG ,4856
78535011630,TJNR ,12830
78543011640,TIST ,9377
78551011624,TISX ,9742
78866000399,TNCM ,8398
78873000400,TNCE ,8567
78897000401,TFFR ,9886
78905000402,TDPD ,4896
78906000403,TDCF ,3670
78925000404,TFFF ,10053
78947000405,TLPC ,3906
78948000406,TLPL ,7627
78954000408,TBPB ,8723
78958000409,TGPY ,8194
78961300410,TTCP ,8461
78970011634,TTPP ,8762
78982000411,TNCA ,8624
78988000412,TNCC ,9031
78990000413,TNCB ,8598
91066022701,PMDY ,10800
91162022501,PHBK ,10820
91165022536,PHLI ,12445
91170022508,PHHI ,19245
91176022519,PHNG ,10868
91178022551,PHJR ,9567
91182022521,PHNL ,9296
91186022534,PHMK ,9752
91190022516,PHOG ,9333
91190422552,PHJH ,1099
91190522524,PHNY ,11803
91197521510,PHKO ,9448
91197721508,PHSF ,11056
91212041415,PGUM ,10607
91218041414,PGUA ,11270
91221041419,PGRO ,4719
91232041418,PGSN ,9419
91233341420,PGWT ,4406
91246041606,PWAK ,15860
91285021504,PHTO ,12050
91334040505,PTKK ,10790
91355540509,PTPN ,2106
91356000493,PTSA ,1425
91366040604,PKWA ,377
91376000492,PKMJ ,1510
91408040310,PTRO ,9232
91413040308,PTYA ,10819
91765061705,NSTU ,10743
99999900126,K2W6 ,20275
99999900157,K33V ,24458
99999900170,K05U ,19411
99999900177,KCVB ,24275
99999900179,K14Y ,25725
99999900180,K21D ,20226
99999900210,K0A9 ,25170
99999900234,K4M9 ,23791
99999900236,KC29 ,25344
99999900237,K04W ,24913
99999900238,KD39 ,25323
99999900263,K5C1 ,25988
99999900288,KD55 ,25196
99999900319,K2V5 ,25710
99999900321,K2D5 ,25578
99999900322,K5H4 ,25610
99999900325,K2J9 ,25674
99999900335,K6A1 ,25579
99999900343,K9MN ,24733
99999900349,KE11 ,25681
99999900370,KNBT ,9610
99999900378,K6R3 ,25062
99999900379,KXLL ,25885
99999900381,K3R7 ,25868
99999900421,K2I0 ,25842
99999900423,K5R8 ,24255
99999900425,K6B0 ,23915
99999900430,KANQ ,22194
99999900438,KCFD ,25503
99999900439,KCKF ,25282
99999900440,KCMD ,25848
99999900446,KECS ,25389
99999900447,KF44 ,14585
99999900447,KK44 ,14
99999900458,KI69 ,25599
99999900459,KIKT ,1337
99999900477,KT20 ,25808
99999900480,KU16 ,1650
99999900481,KU19 ,9765
99999900484,KW43 ,25360
99999903033,K0E0 ,24988
99999903755,K2G4 ,25076
99999904134,KQCA ,375
99999912946,KNGW ,7252
99999913724,55N  ,377
99999913752,KNAK ,11086
99999913782,CXM  ,377
99999923122,KSBD ,13606
99999923271,STO  ,701
99999923272,SFD  ,746
99999925711,     ,365
99999940504,PTTP ,10838
99999940710,PKMR ,10677
99999963871,K1J0 ,11752
99999963871,KBCR ,30
99999963904,KT74 ,26003
99999992828,KCLW ,25386
99999993733,KFME ,24523
99999993804,KSPA ,25254
99999993816,K1H2 ,25788
99999994099,KXWA ,11363
99999994290,KSEW ,377
A0000253928,K11R ,25820
A0000363844,K1A5 ,21291
A0000453929,K1F0 ,25746
A0000594076,K20V ,25046
A0000812978,K3T5 ,24691
A0001363847,K4A9 ,25868
A0001553129,KAZC ,25452
A0001603036,KBDG ,23576
A0001704868,KC75 ,25732
A0001823162,KDTA ,19866
A0001953969,KF05 ,25691
A0002163884,KI16 ,25273
A0002363890,KNEN ,10258
A0002453848,KNFJ ,12518
A0002804116,KU42 ,25189
A0002963820,KUCY ,24490
A0003093795,KVVS ,18081
A0003103725,KW99 ,25680
A0003225715,PAAK ,564
A0573500209,K0F2 ,25275
A0677300334,KI35 ,25626
A0680000120,KJFZ ,25520
A0685400115,KL35 ,25687
A0688400416,KLUA ,25486
A0704900320,KO69 ,22649
A0705300346,KO86 ,6545
A0705600464,KOCQ ,23937
A0708600468,KPCW ,25789
A0714100327,KS32 ,23421
A0735400132,KY50 ,11128
A0735500241,KY51 ,24267
A0735700182,KY63 ,23255
A0735900240,KY70 ,25472
A5125500445,KDYA ,25396
A5125600451,KFWB ,25435
